code_admin,arrondissement,commune,departement,latitude,longitude
84187393B44929503550446,Tangbo-Dj?vi?,Ze,Atlanique,6.59027154934194,2.26259304274756
84187393B43725237323991,Yokpo,Ze,Atlanique,6.6209781029963,2.3023697608883
84187393B50016600323770,Dodji-Bata,Ze,Atlanique,6.66118022605016,2.28560211618239
84187393B69781301867571,Adjan,Ze,Atlanique,6.68978582163054,2.26666997800236
84187393B47272040667446,Daw?,Ze,Atlanique,6.7232458742344,2.23665735084163
84187393B2899943151662,Koudokpo?,Ze,Atlanique,6.77876826785713,2.26476881263161
84187393B93637471312287,H?kanm?,Ze,Atlanique,6.7931236593718,2.3233776971063
84187393B99967552891108,S?dj?-D?nou,Ze,Atlanique,6.71458543784939,2.39544031009186
84187393B68139925331312,Ze,Ze,Atlanique,6.7330270998123,2.3089647010927
84187393B14877364057638,Djanglanm?,Toffo,Atlanique,6.76160924417318,2.06817837580506
84187393B97239420145473,S?,Toffo,Atlanique,6.76795574174601,2.11769820410492
84187393B92731225457188,Agu?,Toffo,Atlanique,6.81509633039037,2.09512735562828
84187393B15665074605942,Colli-Agbam?,Toffo,Atlanique,6.80399490100999,2.14438329261418
84187393B38856652894991,Hou?gbo,Toffo,Atlanique,6.83719450407875,2.18556714107039
84187393B55908089632666,Dam?,Toffo,Atlanique,6.83907452583509,2.24434271836619
84187393B83070545107197,S?hou?,Toffo,Atlanique,6.90634260387164,2.25406349268237
84187393B44393417161810,Koussi,Toffo,Atlanique,6.89716480824169,2.15486197844281
84187393B48406491661776,D?kanm?,So-Ava,Oueme,6.48825428885322,2.48684546234455
84187393B92852478116814,Hou?do-Agu?kon,So-Ava,Oueme,6.5118827054687,2.45681591119939
84187393B55543441677627,So-Ava,So-Ava,Atlanique,6.50783911924669,2.4203555485639
84187393B52388057793784,Ahom?-Lokpo,So-Ava,Atlanique,6.57133800412227,2.41972199586181
84187393B56716258743704,Avl?k?t?,Ouidah,Atlanique,6.34026293276859,2.20288191616549
84187393B87730211190051,Pahou,Ouidah,Atlanique,6.38624171354684,2.19272900603306
84187393B25730371904442,Gakp?,Ouidah,Atlanique,6.43103718124706,2.14858421118803
84187393B86585607190655,Savi,Ouidah,Atlanique,6.41254899034597,2.10777538323809
84187393B94763923836183,1er Arrondissement,Ouidah,Atlanique,6.33911975556547,2.07020691462756
84187393B76599719710205,4? Arrondissement,Ouidah,Atlanique,6.35242842478245,2.10435969430477
84187393B52910521855536,2? Arrondissement,Ouidah,Atlanique,6.35749635317784,2.07261630544858
84187393B87615441552743,3? Arrondissement,Ouidah,Atlanique,6.38781278816449,2.09655477635226
84187393B93529247511310,Azohou?-Kada,Tori-Bossito,Atlanique,6.56814651817947,2.07737347566873
84187393B55473393762097,Azohou?-Aliho,Tori-Bossito,Atlanique,6.587159299847,2.1353528973574
84187393B31266375775625,Tori-Kada,Tori-Bossito,Atlanique,6.57800473154031,2.19038354670759
84187393B10880826605574,S?gbeya,Kpomasse,Atlanique,6.50620273804188,2.04589490194122
84187393B6472558496182,Aganmalom?,Kpomasse,Atlanique,6.47554524799321,2.04805696143966
84187393B72081744508299,Kpomass?,Kpomasse,Atlanique,6.42450713085542,2.04079368602517
84187393B72432435934191,Tokpa-ava,Allada,Atlanique,6.68660128218685,2.04218708376396
84187393B28588898376561,Ayou,Allada,Atlanique,6.72093482464086,2.11894305386028
84187393B94907209700187,Lon agame,Allada,Atlanique,6.71239117850492,2.05211532917305
84187393B59942755018631,S?kou,Allada,Atlanique,6.63360408596189,2.22496071586435
84187393B63594322686589,Togoudo,Allada,Atlanique,6.64798184950859,2.17515159004005
84187393B92765479166824,Allada,Allada,Atlanique,6.66349105177299,2.13879115504679
84187393B96718691892370,Agbanou,Allada,Atlanique,6.68460561231636,2.10274653816487
84187393B34210220557147,Avakpa,Allada,Atlanique,6.65998712091058,2.03691118712419
84187393B26401413379321,H?vi?,Abomey-Calavi,Atlanique,6.42662518157677,2.24211079413919
84187393B52981778684443,Ou?do,Abomey-Calavi,Atlanique,6.47178760188296,2.26090387865725
84187393B1708708506905,Togba,Abomey-Calavi,Atlanique,6.46817233087502,2.29924201480657
84187393B83470299025239,Calavi,Abomey-Calavi,Atlanique,6.45587173540518,2.34563042602291
84187393B4683778207317,Glo-Djib?,Abomey-Calavi,Atlanique,6.54376936450076,2.30023834199266
84187393B10282752991222,Akassato,Abomey-Calavi,Atlanique,6.53600894387976,2.37096294908057
84187393B4152383064330,Bossito,Tori-Bossito,Atlanique,6.5129860951995,2.12462798795982
84187393B49549479408070,Tori-Gare,Tori-Bossito,Atlanique,6.48009488585785,2.19152702708491
84187393B86112794740583,Avam?,Tori-Bossito,Atlanique,6.53016608501977,2.2241457875012
84187393B98072742475013,Monsey,Karimama,Alibori,12.1850379049518,2.65208334090454
84187393B30931268807514,Kompa,Karimama,Alibori,11.9166673316477,2.59862327307074
84187393B3294070749024,Bogo-Bogo,Karimama,Alibori,12.1093036066796,3.08348016840512
84187393B30425615942647,Karimama,Karimama,Alibori,11.792972938848,2.82399703071923
84187393B4085386937844,Birni-Lafia,Karimama,Alibori,11.9663078269233,3.20743366611361
84187393B38299213075773,Toumbouctou,Malanville,Alibori,11.8580330593799,3.15871568853129
84187393B71878976959035,Malanville,Malanville,Alibori,11.8169078856374,3.38961583527679
84187393B19099828556765,Garou,Malanville,Alibori,11.7578040667795,3.46319659701862
84187393B47909937949030,Gu?n?,Malanville,Alibori,11.5870841778819,3.179880971046
84187393B55582610765835,Mad?cali,Malanville,Alibori,11.5844433198244,3.42459450467008
84187393B94207754984327,Founougo,Banikoara,Alibori,11.5328112480954,2.5086271536509
84187393B18868490484414,Soroko,Banikoara,Alibori,11.4690583081412,2.25890840339651
84187393B78529319826248,Angarad?bou,Kandi,Alibori,11.4226303886184,3.02005972060156
84187393B2513554855464,Banikoara,Banikoara,Alibori,11.3402592785516,2.42175057896576
84187393B32674572300168,Tanongou,Tanguieta,Atakora,11.1005018282468,1.47627825479813
84187393B28073924175490,Goumori,Banikoara,Alibori,11.1919649157651,2.21751455585434
84187393B10929883274148,Gomparou,Banikoara,Alibori,11.3737335686692,2.47259791039339
84187393B30996997505841,Kokey,Banikoara,Alibori,11.3551599625117,2.70241465201394
84187393B58802220805912,Koabagou,Kerou,Atakora,11.1576925035102,1.96762415798228
84187393B82254995539643,Lougou,Segbana,Alibori,11.1566379049541,3.41233678561197
84187393B73350510491500,Kokiborou*,Banikoara,Alibori,11.2481313118636,2.29936955493198
84187393B38517065638406,Somp?r?kou,Banikoara,Alibori,11.2599847468938,2.56637222791219
84187393B87831782876124,Toura,Banikoara,Alibori,11.2664301688204,2.35371289305646
84187393B87725027832403,Kandi I,Kandi,Alibori,11.2310147086717,2.91182365220395
84187393B23210438402786,Donwari,Kandi,Alibori,11.190873085938,2.77870591430111
84187393B22916731183014,Saah,Kandi,Alibori,11.1998335848092,3.12593078124952
84187393B93931667695334,Ounet,Banikoara,Alibori,11.1538754432414,2.46804818711539
84187393B6599292620590,Sonsoro,Kandi,Alibori,11.1067714308694,2.72618794140134
84187393B59371337968291,Kandi III,Kandi,Alibori,11.1440343641874,2.98698255467059
84187393B13135786117541,Bagou,Gogounou,Alibori,10.8944396225375,2.52130982157351
84187393B23354800393907,Beng?kou,Kandi,Alibori,11.0164853292221,3.1350655071458
84187393B89302760748968,Kandi II,Kandi,Alibori,11.109256942167,2.93448705354411
84187393B87726441823949,Kassakou,Kandi,Alibori,11.044666590062,2.94306470591764
84187393B96462151521764,Liboussou,Segbana,Alibori,10.9637203675095,3.50048251744934
84187393B91343607846278,S?gbana,Segbana,Alibori,10.94841463752,3.66817617035375
84187393B97346211646833,Tant?ga,Materi,Atakora,10.9306989474352,1.04367695405502
84187393B49067544982803,Sam,Kandi,Alibori,10.9831057199882,2.7419645715406
84187393B40961907340910,Firou,Kerou,Atakora,10.9297758238569,1.89137001462498
84187393B43076067101903,Gouand?,Materi,Atakora,10.8142511775646,0.915523105968637
84187393B18231375836944,K?rou,Kerou,Atakora,10.8455708177571,2.16261113650271
84187393B59430808872234,Gounarou,Gogounou,Alibori,10.9216342205177,2.89725162624037
84187393B40831812192976,Zougou-Pantrossi,Gogounou,Alibori,10.8091767595599,3.04685482003739
84187393B28174281571226,Sokotindji,Segbana,Alibori,10.7404267415805,3.32971127691759
84187393B55490506698075,Guilmaro,Kouande,Atakora,10.6776639762726,1.76925838575185
84187393B89539194153134,Dassari,Materi,Atakora,10.7984332337674,1.14903343638
84187393B22547717317342,Libant?,Segbana,Alibori,10.7267363436017,3.63919309112016
84187393B98040047616650,Gogounou,Gogounou,Alibori,10.8092529758249,2.85759771531048
84187393B37977071191539,Tchanhoun-Cossi,Materi,Atakora,10.6912658700333,0.972591019648998
84187393B46189970198354,Ouara,Gogounou,Alibori,10.6578943260872,2.50759160276958
84187393B72015810655691,Tangui?ta,Tanguieta,Atakora,10.6449375044816,1.26447750333208
84187393B3848413583050,Brignamaro,Kerou,Atakora,10.6245021394195,2.05198153868694
84187393B76544045913438,Mat?ri,Materi,Atakora,10.6888118821733,1.12868652871695
84187393B1281413449012,Sori,Gogounou,Alibori,10.6389543942354,2.94043668558046
84187393B55846327344543,Kouarfa,Toucountouna,Atakora,10.5544716288101,1.54520453997759
84187393B23713614281424,Cotiakou,Tanguieta,Atakora,10.6176430112616,1.34963347561394
84187393B28351630843118,Nodi,Materi,Atakora,10.6012213507473,1.04626916058108
84187393B58813798561501,Toucoutouna,Toucountouna,Atakora,10.5395935894974,1.39825349322206
84187393B31810872947077,Tapoga,Kobli,Atakora,10.5853510698534,0.885412137458759
84187393B60036392791658,Basso,Kalale,Borgou,10.534014068214,3.66192263490002
84187393B10451521957571,Taiakou,Tanguieta,Atakora,10.5237838684572,1.18816517232656
84187393B67669418339044,Kalal?,Kalale,Borgou,10.4032708138295,3.44752169777534
84187393B5563498261711,S?k?r?,Sinende,Borgou,10.4929309253812,2.43570774556098
84187393B45289858900893,N'dahonta,Tanguieta,Atakora,10.4954617929079,1.11825413894328
84187393B99275313495320,B?roubouay,Bembereke,Borgou,10.4962499092385,2.83560348467509
84187393B15582880049885,Sinend?,Sinende,Borgou,10.3807675313194,2.32311852602481
84187393B71500195720104,P?onga,Kalale,Borgou,10.4457732045149,3.28546380521238
84187393B88448247990850,Cobly,Kobli,Atakora,10.4815660201095,0.970395618227974
84187393B56763700526314,Tobr?,Pehunco,Atakora,10.2718299206307,2.14974334401769
84187393B9603926301445,Datori,Kobli,Atakora,10.4154337723507,0.834215242374144
84187393B37501780666740,Dunkassa,Kalale,Borgou,10.3924367868212,3.12838554455978
84187393B74745743728063,Gn?masson,Pehunco,Atakora,10.4008069777216,1.99954282849929
84187393B24748812392688,Fo-Tanc?,Kouande,Atakora,10.4217867945848,1.76958723628882
84187393B58275782391590,Tamp?gr?,Toucountouna,Atakora,10.4380174211465,1.3166381449233
84187393B70732590048249,Gamia,Bembereke,Borgou,10.3827933474591,2.71143678372336
84187393B61117819015856,Kotopounga,Natitingou,Atakora,10.3149452823929,1.51813218708532
84187393B22834012222892,Tabota,Boukombe,Atakora,10.4009742734109,1.07782132587266
84187393B77320021576820,Kountori,Kobli,Atakora,10.3680963097877,0.928936001563945
84187393B39793248422757,2?me C.U.Natitingou,Natitingou,Atakora,10.3420704843339,1.43565907982517
84187393B62931284859001,4?me C.U.Natitingou,Natitingou,Atakora,10.3632767147847,1.31916463610694
84187393B24240861511206,Kouand?,Kouande,Atakora,10.3113433114139,1.76087850780948
84187393B3161177666723,Manta,Boukombe,Atakora,10.3349424845421,1.12331374026222
84187393B74793820556436,Bouanri,Bembereke,Borgou,10.2635294059426,2.90470085276355
84187393B85554805616647,Oroukayo,Kouande,Atakora,10.2139999830443,1.66922368326637
84187393B7945817415387,1?re C.U.Natitingou,Natitingou,Atakora,10.3230112513478,1.37105888599273
84187393B59379271257360,P?hunco,Pehunco,Atakora,10.168436322312,1.94452152302411
84187393B32946202441924,Dipoili,Boukombe,Atakora,10.2842016001519,0.946041876767998
84187393B32495557553167,Kouaba,Natitingou,Atakora,10.2482470658665,1.28178998434485
84187393B74699535606313,Koronti?re,Boukombe,Atakora,10.2597321267646,1.02178693812841
84187393B55784305490631,Bemb?r?k?,Bembereke,Borgou,10.1855907591028,2.65014812207474
84187393B7409820919368,3?me C.U.Natitingou,Natitingou,Atakora,10.2501077380176,1.39227924712004
84187393B75016985824912,Bouka,Kalale,Borgou,10.1995994329291,3.15132171661446
84187393B78321723240608,Natta,Boukombe,Atakora,10.2272429922462,1.14491589139474
84187393B753196702760,Sikki,Sinende,Borgou,10.2002753714833,2.37179823937706
84187393B65291397373224,D?rassi,Kalale,Borgou,10.1810789037746,3.43544477489461
84187393B45474415371964,Perma,Natitingou,Atakora,10.1228552894208,1.48660686958039
84187393B2877407992881,Gnonkourakali,Nikki,Borgou,10.0626466693792,2.95372748895965
84187393B4656012899370,Boukoumb?,Boukombe,Atakora,10.1553104771675,1.12685645057699
84187393B9935388970643,Kossoucoingou,Boukombe,Atakora,10.1271944055984,1.24947375383906
84187393B61911473015701,Kouandata,Natitingou,Atakora,10.1367391258928,1.36367810736647
84187393B64365132614992,Ou?nou,Nikki,Borgou,9.97995912888268,3.43485062841382
84187393B62295971121594,Fo-Bour?,Sinende,Borgou,10.0491592337884,2.3324538063729
84187393B57634093244572,Birni,Kouande,Atakora,10.0386840429111,1.6287170831131
84187393B53028185536459,Nikki,Nikki,Borgou,9.98882927373489,3.24791253564046
84187393B75941711651276,Ina,Bembereke,Borgou,10.0035612407378,2.69295037001727
84187393B8904472839521,S?r?kal?,Nikki,Borgou,9.98069200729578,3.11137079995254
84187393B33454328082487,Chabi-Couma,Kouande,Atakora,10.0100544879289,1.45016018707438
84187393B98978845900998,Kolokond?,Djougou,Donga,9.94026097651013,1.91542761255179
84187393B73765795797922,Copargo,Copargo,Donga,9.90016220085884,1.63037006467621
84187393B54785849809665,Bori,N'dali,Borgou,9.78408292363573,2.35135417705026
84187393B55728473551227,Anandana,Copargo,Donga,9.92101632032245,1.38661147803227
84187393B29262589637543,Singr?,Copargo,Donga,9.89393708075124,1.47384052529077
84187393B94627286164208,Biro,Nikki,Borgou,9.88329019649013,2.88091192231295
84187393B17702365860970,Ouenou,N'dali,Borgou,9.78043036894016,2.63962379508439
84187393B93279523545143,Pab?gou,Copargo,Donga,9.8092919208258,1.59758796599616
84187393B99636892095965,N'dali,N'dali,Borgou,9.80812487448563,2.75141346446203
84187393B59868255358437,Suya,Nikki,Borgou,9.85107345548529,3.0546763278317
84187393B12867638477088,B?ll?foungou,Djougou,Donga,9.82214338209458,1.7585697845474
84187393B1566595048907,Tasso,Nikki,Borgou,9.74571518539482,3.22578311011791
84187393B53702061632769,P?r?r?,Perere,Borgou,9.79038329583436,3.00921360555559
84187393B64234367381807,Sontou,Perere,Borgou,9.74014382300203,2.85421818372594
84187393B22536601802093,Bari?nou,Djougou,Donga,9.74228550040962,1.92604341739608
84187393B33168466939716,Tchalinga,Ouake,Donga,9.79228678131565,1.39571921261257
84187393B54929942689052,1?re com.de Djougou,Djougou,Donga,9.76104919566437,1.65384731576506
84187393B23056973443889,3?me com.de Djougou,Djougou,Donga,9.74549219712462,1.72447742441552
84187393B26501373634723,Kpan?,Perere,Borgou,9.68915517635523,3.07795851352447
84187393B63041869423150,Badjoud?,Ouake,Donga,9.71798177172233,1.41706235390738
84187393B81528019490444,2?me com.de Djougou,Djougou,Donga,9.69926829723462,1.64688447733374
84187393B76755386595838,P?bi?,Perere,Borgou,9.67908842418894,2.95189484027048
84187393B94481892903622,Barei,Djougou,Donga,9.68954973848878,1.53509932444308
84187393B62527545206415,Patargo,Djougou,Donga,9.54722562728777,1.91411039058126
84187393B11496096414598,B?t?rou,Tchaourou,Borgou,9.30926101539072,2.21403460972278
84187393B5689776271754,Ouak?,Ouake,Donga,9.66304453318046,1.42766687179791
84187393B289050807165,Sirarou,N'dali,Borgou,9.55311599504718,2.62327733104966
84187393B61423511654274,S?rou,Djougou,Donga,9.61755710473613,1.77072004529246
84187393B80637258244309,Onklou,Djougou,Donga,9.49255371045842,2.04850852457893
84187393B5298053216776,Gb?gourou,N'dali,Borgou,9.5204345660451,2.74245665919345
84187393B34868218770471,Gninsy,Perere,Borgou,9.55302020691065,3.12572784628937
84187393B75038096323182,Kond?,Ouake,Donga,9.60795952796402,1.45112672369918
84187393B77133929624349,P?l?bina,Djougou,Donga,9.54094764654862,1.63892823514884
84187393B72895283271251,Gninagourou,Perere,Borgou,9.47831559851407,2.95569799553218
84187393B74423939839101,S?m?r? I,Ouake,Donga,9.5454095600118,1.46135071902874
84187393B46090983216631,S?m?r? II,Ouake,Donga,9.46981467000228,1.44169381728839
84187393B46201666581557,Bougou,Djougou,Donga,9.44670745607667,1.59700985394867
84187393B60247991826274,Kika,Tchaourou,Borgou,9.24022155467249,2.91496913329283
84187393B95088246079712,Sanson,Tchaourou,Borgou,9.28722814655804,2.42301035736867
84187393B45951344599166,Al?djo,Bassila,Donga,9.36918918270463,1.48656649658678
84187393B9510922407601,P?n?ssoulou,Bassila,Donga,9.28950772278556,1.72089074037273
84187393B40477637012061,Tchatchou,Tchaourou,Borgou,9.11563974515098,2.62198616990696
84187393B13670896283893,Bassila,Bassila,Donga,9.02448869074318,1.76459973604984
84187393B36956398007194,Alafiarou,Tchaourou,Borgou,8.92348194762543,2.32797160280593
84187393B58052518459050,Manigri,Bassila,Donga,8.79469666586434,1.97771791144531
84187393B69556778743863,Goro,Tchaourou,Borgou,8.89432471754901,2.48959052755702
84187393B73552940028921,Tchaorou,Tchaourou,Borgou,8.86612644843129,2.65214370405821
84187393B31911359303716,Toui,Ouesse,Collines,8.6832348899844,2.53528679261683
84187393B59528001712994,Gbanlin,Ouesse,Collines,8.60710841547572,2.29439219464487
84187393B60828879834962,Pira,Bante,Collines,8.50923948003258,1.71318114498224
84187393B20816435943415,Kilibo,Ouesse,Collines,8.52977873568176,2.67058387637213
84187393B97700100857795,K?mon,Ouesse,Collines,8.56657110064255,2.50047042256354
84187393B79105721698686,Atocoligb?,Bante,Collines,8.50513734550161,1.87693534865652
84187393B44729061609632,Odougba,Ouesse,Collines,8.51439297784966,2.41096564018619
84187393B90497906500254,Laminou,Ouesse,Collines,8.50338032969381,2.42708356337395
84187393B72464418178986,Ou?ss?,Ouesse,Collines,8.47071164886228,2.46327907685053
84187393B86266005568529,Challa-Ogoi,Ouesse,Collines,8.41223352508654,2.59350315410669
84187393B53360385717870,Aklanpka,Glazoue,Collines,8.34294055959914,2.20785978295364
84187393B78971330513070,Bob?,Bante,Collines,8.42717163957622,2.03192318639011
84187393B81519819338798,Lougba,Bante,Collines,8.28747935513733,1.75552742173655
84187393B37471672676540,Dj?gb?,Ouesse,Collines,8.29859518285228,2.42316496388639
84187393B74648535703244,Bant?,Bante,Collines,8.39760330269171,1.89672384164686
84187393B95842041710168,Koko,Bante,Collines,8.34437894727819,1.88353403093235
84187393B86584492107248,Agoua,Bante,Collines,8.27417534550954,1.9980559942763
84187393B50928178250681,Kaboua,Save,Collines,8.23905548815,2.62410952321631
84187393B24538486978825,Assant?,Glazoue,Collines,8.15505257864846,2.25213261223286
84187393B4773278459602,Akpassi,Bante,Collines,8.1752451992174,2.00243727210767
84187393B23768636433067,Gouka,Bante,Collines,8.11756435104262,1.92632495466973
84187393B18764662860913,Ottola,Savalou,Collines,8.1277943342955,1.6981982624859
84187393B66485619275782,Of?,Save,Collines,8.08271116524007,2.43485035833734
84187393B39277784766261,Sakin,Save,Collines,7.96575472991802,2.49875608755175
84187393B67687225565631,Okpara,Save,Collines,8.02066179731333,2.64136297537873
84187393B55061778317177,Lahotan,Savalou,Collines,8.01865667426481,2.08151142892842
84187393B81175571666868,Kpataba,Savalou,Collines,8.05157468499297,1.9642472852677
84187393B41859979370840,Ou?d?m?,Glazoue,Collines,8.04588682140091,2.16609408264184
84187393B59136032879994,Doum?,Savalou,Collines,7.97536757214142,1.73427536633373
84187393B13924769579625,Thio,Glazoue,Collines,8.01056741894434,2.31545204192335
84187393B90188472831684,Adido,Save,Collines,8.04414561930554,2.47432849821329
84187393B10568630931956,Boni,Save,Collines,8.03584438468468,2.50241486821633
84187393B65415325051965,Magoumi,Glazoue,Collines,8.01011739079098,2.21590376381407
84187393B90519991990393,Sav? Plateau,Save,Collines,8.00491572194634,2.48287293710587
84187393B47761326473080,Ou?ss?,Savalou,Collines,7.98588987452831,1.91658997547391
84187393B7581586009520,Glazou?,Glazoue,Collines,7.97561703339345,2.24776820163797
84187393B28450019480489,Savalou-Attak?,Savalou,Collines,7.96598462784355,1.98693899197657
84187393B93823590926300,Kpakpaza,Glazoue,Collines,7.95497787829213,2.17257637239623
84187393B96950058817335,Logozoh?,Savalou,Collines,7.8955436051805,2.04920749880238
84187393B9786663243655,Monkpa,Savalou,Collines,7.93751863586097,2.0907065548961
84187393B64209017604067,Zaff?,Glazoue,Collines,7.92223975410079,2.26006549863266
84187393B88455898890861,K?r?,Dassa-Zoume,Collines,7.87371052645253,2.14943814492003
84187393B58094225914824,Savalou-Aga,Savalou,Collines,7.86024498749494,1.88494477108999
84187393B70115098296602,Savalou--Agbado,Savalou,Collines,7.81186554559555,1.95316873797564
84187393B90464885538777,Gom?,Glazoue,Collines,7.89377342434225,2.19356478843139
84187393B53115681082857,Bess?,Save,Collines,7.79048432443641,2.60569403690517
84187393B74661471211085,L?ma,Dassa-Zoume,Collines,7.86732021092723,2.30161386614981
84187393B28962321638544,Sokponta,Glazoue,Collines,7.86718804631799,2.23670468917375
84187393B21356298312530,Tchetti,Savalou,Collines,7.81677043593357,1.72752091696482
84187393B21664667956185,Soclogbo,Dassa-Zoume,Collines,7.77682350063508,2.32310918045944
84187393B63307656056753,Gbaffo,Dassa-Zoume,Collines,7.80053762572423,2.26520055157608
84187393B24666849989179,Akofodjoul?,Dassa-Zoume,Collines,7.73281494824734,2.4119838973224
84187393B81158068332453,Dassa I,Dassa-Zoume,Collines,7.77397723927511,2.21702540275529
84187393B15842069628757,L?ma,Savalou,Collines,7.72397283553106,1.66765286575824
84187393B70232775992789,Tr?,Dassa-Zoume,Collines,7.70954160916443,2.23447096175094
84187393B5142117594338,Idigny,Ketou,Plateau,7.54247939658589,2.69115221508844
84187393B31844394751239,Adakplam?,Ketou,Plateau,7.53046381611596,2.52355411111525
84187393B89618851389697,Monsourou,Djidja,Zou,7.52416020022832,1.8444243163622
84187393B5820607387337,Agouna,Djidja,Zou,7.54565934953619,1.71437336124792
84187393B41675010222997,Outo,Djidja,Zou,7.60978224238218,1.66922416970306
84187393B97352951959793,Setto,Djidja,Zou,7.45923344610818,2.09784551339479
84187393B43884747841499,Atom?,Aplahoue,Kouffo,7.31851689650614,1.6965728029071
84187393B74811355742206,Hou?ko,Cove,Zou,7.38790118480658,2.27382662901783
84187393B23363387655399,Banam?,Zagnanado,Zou,7.38204310072082,2.36494082393888
84187393B38391395196257,Djidja,Djidja,Zou,7.3328964514631,1.89379309949304
84187393B57409526841892,Okpom?ta,Ketou,Plateau,7.39871460588065,2.6724315343605
84187393B96227917208405,K?tou,Ketou,Plateau,7.37008614837099,2.61427662384115
84187393B2276030726030,Kpankou,Ketou,Plateau,7.31541847250761,2.52868361709581
84187393B47332351012489,Gob?,Djidja,Zou,7.35581004856197,2.03125279361336
84187393B97358620594697,Dan,Djidja,Zou,7.31662783702205,2.08040853268813
84187393B26677466962080,Odom?ta,Ketou,Plateau,7.25244796543415,2.66165182481182
84187393B29798222753737,kpakpam?,Za-Kpota,Zou,7.31345572537584,2.1693010789457
84187393B66331884188025,Zoukou,Djidja,Zou,7.3025351010918,1.99840124111036
84187393B25369088921364,Za-Tanta,Za-Kpota,Zou,7.27346148859866,2.19190096208325
84187393B16482854380646,Don-Tan,Zagnanado,Zou,7.28392329794567,2.39841093740469
84187393B19302018036380,Agondji,Djidja,Zou,7.29266211617598,2.03964743398356
84187393B9593476147639,Kp?d?pko,Zagnanado,Plateau,7.23571147726357,2.46504958844772
84187393B33957156189985,Passagon,Bohicon,Zou,7.25648977743198,2.08678828637263
84187393B80188930435610,Za-Kpota,Za-Kpota,Zou,7.22687658317838,2.23760677320205
84187393B812784209909,Assalin,Za-Kpota,Zou,7.24907885958206,2.12407582507912
84187393B11770819400637,Oungb?gam?,Djidja,Zou,7.26715071706345,2.0214361435295
84187393B14270262032262,Dohouim?,Djidja,Zou,7.25415731107524,1.98734970291463
84187393B47612491472667,Mougnon,Djidja,Zou,7.24525376813736,2.04353679356362
84187393B42204062893087,Agonlin-Hou?gbo,Zagnanado,Zou,7.23212106983211,2.41516323386589
84187393B95404300834298,Zagnanado,Zagnanado,Zou,7.22625729079168,2.38947240024934
84187393B48750839391619,Naogon,Cove,Zou,7.23823028333573,2.3490184001899
84187393B19352053006824,Z?ko,Za-Kpota,Zou,7.22780542388497,2.10717143554719
84187393B77209457463299,Zogba,Cove,Zou,7.22714997826504,2.32154253552271
84187393B20814069048278,D?tohonou,Abomey,Zou,7.21474082896425,1.94301544895237
84187393B5433124909617,Agbopka,Abomey,Zou,7.21930748817922,1.99789665323639
84187393B4738147278279,Avogbanna,Bohicon,Zou,7.21500937684498,2.08640532288607
84187393B75330301149619,Adogb?,Cove,Zou,7.22311641390936,2.34666054983847
84187393B39203045480617,Kpozoun,Za-Kpota,Zou,7.21335269453747,2.11668764015116
84187393B20234024066200,Lonkly,Aplahoue,Kouffo,7.16380747351284,1.72547172460468
84187393B5847279654240,Houngomey,Bohicon,Zou,7.18983481150313,2.16323434135435
84187393B94572358221711,Soli,Cove,Zou,7.20623242872308,2.34891834166815
84187393B765076720946,Houin,Cove,Zou,7.21168645606936,2.33464961133542
84187393B7915283806058,Gounli,Cove,Zou,7.20181940387768,2.32275445197136
84187393B70310052157260,Issaba,Pobe,Plateau,7.12478253658748,2.65204652298835
84187393B8903795604523,Tow?,Pobe,Plateau,7.15572045838675,2.72892934194095
84187393B58624865701704,Dovi-centre,Zagnanado,Zou,7.1122103596382,2.39209454414115
84187393B93977651714169,Vidol?,Abomey,Zou,7.17948530231204,1.96601253307362
84187393B23335673836424,Lainta,Cove,Zou,7.15418754895381,2.33399195832309
84187393B82902140411414,Agongointo,Bohicon,Zou,7.18354512984589,2.08888631651544
84187393B12544694802791,Sagon,Ouinhi,Zou,7.15908922918257,2.46820359429218
84187393B79802493837426,Lanta,Klouekanme,Kouffo,7.11078337551985,1.84137432499639
84187393B66004662894654,Allah?,Za-Kpota,Zou,7.15093281053503,2.25523703272757
84187393B54730665861058,Mass?,Adja-Ouere,Plateau,7.15018756992784,2.57042025200307
84187393B30241990107880,Gb?con-hounli,Abomey,Zou,7.1625780139182,1.97336466339112
84187393B43103092226377,Sodohom?,Bohicon,Zou,7.15073933011668,2.14303772975043
84187393B17630941472117,1?re com.de Bohicon,Bohicon,Zou,7.17154967427862,2.06599288836774
84187393B18887667649331,2?me com.de Bohicon,Bohicon,Zou,7.16966039507464,2.07470970334043
84187393B49227796788242,Zounzonm?,Abomey,Zou,7.14229006177178,1.99929119777188
84187393B82543693022696,Tanv?,Agbangnizoun,Zou,7.13207148521714,1.92211404098721
84187393B29394309278958,Saclo,Bohicon,Zou,7.14484150849993,2.09121704390244
84187393B1297351500936,Cana II,Zogbodomey,Zou,7.10065062978493,2.05483578058601
84187393B78622245046933,Godohou,Aplahoue,Kouffo,7.1010319715382,1.73860428351637
84187393B78171592850855,Adjahonm?,Klouekanme,Kouffo,7.0618519603948,1.79247710718581
84187393B21268966890923,Ouinhi,Ouinhi,Zou,7.08430748444009,2.48959947141899
84187393B57443352885983,Avlam?,Zogbodomey,Zou,7.09864816316718,2.18121848132946
84187393B3261345814420,Cana  I,Zogbodomey,Zou,7.11083574962579,2.0893343777062
84187393B3858021467650,Lissazounm?,Agbangnizoun,Zou,7.1068640680406,1.99238393901465
84187393B7845510185299,Koussoukpa,Zogbodomey,Zou,7.07954677604286,2.26665469416437
84187393B63071118858925,Dom?,Zogbodomey,Zou,7.07904837015502,2.3132478208771
84187393B45650802212227,D?kpo,Aplahoue,Kouffo,7.04800854289179,1.66884125684301
84187393B88799100754278,Sah?,Agbangnizoun,Zou,7.08097807503581,1.9239003104929
84187393B27867811335230,Adanhondjigon,Agbangnizoun,Zou,7.09807698601937,2.02439673772982
84187393B82575654042719,Zogbodomey,Zogbodomey,Zou,7.07993911096712,2.10907013806895
84187393B92438669330619,Adja-ou?r?,Adja-Ouere,Plateau,7.0239205424797,2.58673664256409
84187393B49266924147971,Igana,Pobe,Plateau,7.05519125034736,2.71949159773949
84187393B95744979330134,Kinta,Agbangnizoun,Zou,7.07057461278139,2.00337849563383
84187393B17110917289725,Agbangnizoun,Agbangnizoun,Zou,7.07989522844128,1.96586029701083
84187393B35959803977419,Zoukou,Zogbodomey,Zou,7.04009621759748,2.16445108345549
84187393B298956534083,Tanw?-Hessou,Zogbodomey,Zou,7.03709993437572,2.08115027639837
84187393B76630177137977,Kpokissa,Zogbodomey,Zou,7.00008314707854,2.35612425618754
84187393B69527670082281,Siw?-L?go,Agbangnizoun,Zou,7.04284366845153,1.98694813688792
84187393B42980972586550,Ahogbeya,Klouekanme,Kouffo,7.01931538771425,1.90118362743701
84187393B95944291623653,Kissamey,Aplahoue,Kouffo,7.01444128094574,1.72028032952167
84187393B47310940422953,Tohou?,Ouinhi,Zou,7.01029977685399,2.4329399744875
84187393B1689280172100,Ahoy?y?,Pobe,Plateau,7.00834395767716,2.67529527137062
84187393B92185483905422,Dasso,Ouinhi,Zou,7.00298313762885,2.49769695021222
84187393B26227660563409,Siw?-Kpota,Agbangnizoun,Zou,7.03208653564707,1.95558827764925
84187393B29493374732524,Djotto,Klouekanme,Kouffo,6.99231686392112,1.77471887239566
84187393B10836500027223,Zoungoudo,Agbangnizoun,Zou,7.0128676391035,1.96609940129495
84187393B97032097646683,Akiza,Zogbodomey,Zou,6.97506005831031,2.02951049763406
84187393B90486113780754,Klouekanm?,Klouekanme,Kouffo,6.98492416286264,1.8578322561183
84187393B88742557407952,Hondji,Klouekanme,Kouffo,7.00774148186393,1.82714009216113
84187393B62131069488740,Aplahou?,Aplahoue,Kouffo,6.94461342603417,1.62441160502429
84187393B94069904228740,Pob?,Pobe,Plateau,6.98054953836735,2.66460697315827
84187393B17403424776696,Zalli,Lalo,Zou,6.98102311883994,1.95669569859057
84187393B95032245301195,Kpoulou,Adja-Ouere,Plateau,6.95793085203171,2.54337118037985
84187393B9733024447165,Tchikp?,Klouekanme,Kouffo,6.96257660416511,1.89003927533135
84187393B90448214980991,Aya-Hohou?,Klouekanme,Kouffo,6.96210650480366,1.82383592952314
84187393B3111854774113,Dam?-wogon,Bonou,Oueme,6.93979017453597,2.45633317449672
84187393B54970876730079,Azov?,Aplahoue,Kouffo,6.95006086941729,1.70466706397814
84187393B83236365281145,Banigb?,Lalo,Kouffo,6.94975127717196,1.92064181946297
84187393B441118851610,Oko-Akar?,Adja-Ouere,Plateau,6.92816621322484,2.66593111096439
84187393B43052852509880,Gnizounm?,Lalo,Kouffo,6.9503621404502,1.95929676825635
84187393B86099591323110,Hou?gamey,Djakotomey,Kouffo,6.94326208404295,1.76097908177828
84187393B40971805466066,B?toumey,Djakotomey,Kouffo,6.94161086110052,1.73112696187325
84187393B20802336473295,Missinko,Toviklin,Kouffo,6.9320023814621,1.84550427419476
84187393B48258910215776,Tatonnoukon,Adja-Ouere,Plateau,6.91409574942997,2.56319118192191
84187393B64024584495241,Hou?dogli,Toviklin,Kouffo,6.92403845664223,1.80069006619193
84187393B14643492859623,Lalo,Lalo,Kouffo,6.91585300536765,1.89835528695506
84187393B72913709900834,Kinkinhou?,Djakotomey,Kouffo,6.92110795249976,1.72303682703813
84187393B48204804288129,Hlassam?,Lalo,Kouffo,6.89774345167547,1.94586684548892
84187393B68917340093432,Bonou,Bonou,Oueme,6.90421208940321,2.47103173808863
84187393B83459195227250,Adjido,Toviklin,Kouffo,6.91729469799417,1.77284053790701
84187393B24150809029313,Sokouhou?,Djakotomey,Kouffo,6.87404157096555,1.66179369172393
84187393B64767810674729,Aguidi,Sakete,Plateau,6.81915156446332,2.69585538207175
84187393B51294771975371,Toviklin,Toviklin,Kouffo,6.88003092159597,1.83689493978351
84187393B6592150570546,Av?djin,Toviklin,Kouffo,6.90322531849482,1.85955487866802
84187393B21822811103566,Djakotomey II,Djakotomey,Kouffo,6.90310092796719,1.74576946848779
84187393B81910634644196,Ahomad?gb?,Lalo,Kouffo,6.87998415826516,1.9972409516558
84187393B87046949172115,Ikpinl?,Adja-Ouere,Plateau,6.88367201167053,2.6242379876522
84187393B33594582024438,Djakotomey I,Djakotomey,Kouffo,6.87400983028566,1.7171816589402
84187393B26052588684229,Tannou-Gola,Toviklin,Kouffo,6.88373031123616,1.78809486319273
84187393B16565758405317,Atchonsa,Bonou,Oueme,6.86186780287834,2.4877924718011
84187393B81489209550256,Lokogba,Lalo,Kouffo,6.85103026149024,1.88622362080288
84187393B70856760202832,Kokohou?,Djakotomey,Kouffo,6.86727339543237,1.76383813724869
84187393B20289066562080,Doko,Toviklin,Kouffo,6.86065223563494,1.81016130936281
84187393B83587726483980,Gohomey,Djakotomey,Kouffo,6.8446223752259,1.73974580341588
84187393B23532509989087,Ita-Dj?bou,Sakete,Plateau,6.83016508336035,2.60029711356967
84187393B94272450662642,Adoukandji,Lalo,Kouffo,6.83253610540009,1.95836691299564
84187393B60730966157004,Kpoba,Djakotomey,Kouffo,6.82553506903971,1.63540472753904
84187393B46413765187674,Totchangni,Dogbo,Kouffo,6.82490355683178,1.79318460169731
84187393B27878393311744,Houinvigu?,Bonou,Oueme,6.81081329553888,2.52056250601181
84187393B22556680573899,Madjr?,Dogbo,Kouffo,6.80332465723983,1.88835716779078
84187393B11689840116138,Adjintimey,Djakotomey,Kouffo,6.81340423770989,1.66834142952797
84187393B19798391901235,Affam?,Bonou,Oueme,6.82665456503207,2.48409693993218
84187393B87491359994497,Ayomi,Dogbo,Kouffo,6.77521077070766,1.71615083803618
84187393B74620859997709,Dogbo,Dogbo,Kouffo,6.78538918232177,1.77378080497362
84187393B41125180363961,Lokogohou?,Dogbo,Kouffo,6.78725973165935,1.83991261039933
84187393B84003108697762,Sak?t? II,Sakete,Plateau,6.74705243769171,2.62500991665424
84187393B60713723978896,D?v?,Dogbo,Kouffo,6.74782877893036,1.65234937002719
84187393B28822616278982,Akpadanou,Adjohoun,Oueme,6.77520941982137,2.48687061002566
84187393B86197351215125,Awonou,Adjohoun,Oueme,6.77364693187257,2.55422381958548
84187393B87821402485764,Sak?t? I,Sakete,Plateau,6.75456176094823,2.64650643273381
84187393B78176133025947,Koudo,Lokossa,Mono,6.71932785999001,1.81900990591658
84187393B96344257286195,Honton,Dogbo,Mono,6.74086430069974,1.75110554550146
84187393B18262736944256,Y?godo?,Bopa,Mono,6.69055839478494,1.90393226583094
84187393B17729413097937,Ifangni,Ifangni,Plateau,6.70136621144761,2.74885768905704
84187393B87866290219532,Yoko,Sakete,Plateau,6.70749343838922,2.59708397144752
84187393B79998519970601,Agam?,Lokossa,Mono,6.71402187170646,1.75445382005306
84187393B58595146429319,Gbakpodji,Bopa,Mono,6.69828434213327,1.85252890078062
84187393B81227110892767,Adjohoun,Adjohoun,Oueme,6.72196966087319,2.51323883141315
84187393B38310721383718,Lagb?,Ifangni,Plateau,6.69671262420683,2.69008694591388
84187393B82886459107589,D?m?,Adjohoun,Oueme,6.69513915756864,2.51404656550171
84187393B80652676116623,Ou?d?m?-Adja,Lokossa,Mono,6.69101332103027,1.67954999160339
84187393B13490870665768,Adohoun,Lokossa,Mono,6.67698892196359,1.62957905176667
84187393B966377882489,Lokossa,Lokossa,Mono,6.65304135807551,1.72755039616243
84187393B88909040465470,Azowiliss?,Adjohoun,Oueme,6.65828824888809,2.52731613102306
84187393B37115229036367,Takon,Sakete,Plateau,6.65437384366699,2.62014973617471
84187393B42444152661890,Houin,Lokossa,Mono,6.63672206730432,1.78408036850814
84187393B2617692070006,Banigb?,Ifangni,Plateau,6.63277677952836,2.7013645776759
84187393B70493917420708,Doutou,Houeyogbe,Mono,6.58475617475384,1.87167283417831
84187393B4535302061754,Lobogo,Bopa,Mono,6.62894571611127,1.90573596443076
84187393B17809073959342,D?d?kpo?,Athieme,Mono,6.62425646599792,1.63734985767559
84187393B15772562837830,Hou?yogb?,Houeyogbe,Mono,6.59755038399586,1.8224695177291
84187393B27647186305564,Zoungbom?,Akpo-Misserete,Oueme,6.62051789905472,2.57490302088474
84187393B85070889059055,Ko-Koumolou,Ifangni,Plateau,6.62250181885577,2.6690847506636
84187393B38712602002659,Katagon,Akpo-Misserete,Oueme,6.61787331301685,2.60057082973208
84187393B89053573136849,Athi?m?,Athieme,Mono,6.58879781840302,1.68571458247075
84187393B26220928473077,Kouty,Avrankou,Plateau,6.60346253129465,2.64965362665886
84187393B87595751478208,Zoungu?,Dangbo,Oueme,6.61673983005245,2.53393603757305
84187393B55451533865073,Hou?domey,Dangbo,Oueme,6.5979305029904,2.49605153807593
84187393B75882052676620,Kpinnou,Athieme,Mono,6.57203170347789,1.75670866576438
84187393B20264161223700,Dangbo,Dangbo,Oueme,6.58810246508881,2.55072688246699
84187393B79371733005585,Tchaada,Ifangni,Plateau,6.59189203451465,2.68932490249026
84187393B93858833885603,Djomon,Avrankou,Plateau,6.57946327862031,2.62570852451147
84187393B70861218214957,Gom?-Sota,Akpo-Misserete,Oueme,6.57777472305376,2.58452977794949
84187393B88048935430106,Gbozounm?,Avrankou,Plateau,6.57481913306457,2.67277258466168
84187393B79637341643079,Daagb?,Ifangni,Plateau,6.56216590182241,2.72231991279636
84187393B78820471488775,Zoungbonou,Houeyogbe,Mono,6.5590858536706,1.81403995652049
84187393B56420890830643,Avrankou,Avrankou,Oueme,6.55668232814425,2.66084229649839
84187393B94862877672267,Atchannou,Athieme,Mono,6.49988319097745,1.7550871089711
84187393B67944469217145,Dah?,Houeyogbe,Mono,6.53065269088371,1.9371270536659
84187393B90215423684805,Honhou?,Houeyogbe,Mono,6.51630126420836,1.89680893827333
84187393B52625923054909,Akpro-Miss?r?t?,Akpo-Misserete,Oueme,6.55182893728936,2.58157923173378
84187393B57735273023119,Atchoukpa,Avrankou,Oueme,6.53871043719783,2.62187573100839
84187393B53123750098476,Possotom?,Bopa,Mono,6.54046373815939,1.96582489602604
84187393B46373199721113,Hozin,Dangbo,Oueme,6.55003142789561,2.54513732472264
84187393B57662901493969,Sado,Avrankou,Oueme,6.54410765887957,2.68964586713372
84187393B61654479773196,S?,Houeyogbe,Mono,6.49585359411375,1.82810851666408
84187393B98098034987780,Ouanho,Avrankou,Oueme,6.52937154085344,2.644288026536
84187393B92608442115107,Vakon,Akpo-Misserete,Oueme,6.52457086869841,2.56997005910868
84187393B39774833675637,Adjarra I,Adjarra,Oueme,6.52950868660852,2.66451782919766
84187393B70865134575265,4?me Arrondissement,Porto-Novo,Oueme,6.50459520280289,2.62025628020843
84187393B27231350993928,Adjarra II,Adjarra,Oueme,6.52019760874083,2.67997420707874
84187393B58960212071321,M?d?djonou,Adjarra,Oueme,6.49649846219604,2.70365020954734
84187393B67360967825337,5?me Arrondissement,Porto-Novo,Oueme,6.49363836685603,2.59419322803955
84187393B27699334225614,Honvi?,Adjarra,Oueme,6.51071025859657,2.64638539171406
84187393B42383039781269,Malanhoui,Adjarra,Oueme,6.49177447003157,2.6634184619348
84187393B48035069708822,1er Arrondisement,Porto-Novo,Oueme,6.47053330669312,2.6402794152881
84187393B93760415393273,3?me Arrondissement,Porto-Novo,Oueme,6.46888206766308,2.60228234124733
84187393B29357070346702,Aglogb?,Adjarra,Oueme,6.46434176817766,2.67791831001633
84187393B71069533939546,2?me Arrondissement,Porto-Novo,Oueme,6.4702821559197,2.62061638424053
84187393B32534992762340,Sazu?,Grand-Popo,Mono,6.4405034476448,1.80907197925632
84187393B70329524567023,Tohou?,Seme-Kpodji,Oueme,6.40763575984462,2.67676060499681
84187393B58209762348356,Dj?r?gb?,Seme-Kpodji,Oueme,6.43155840113187,2.62133737917124
84187393B51841367931461,Oumako,Come,Mono,6.42002703596073,1.85515008928352
84187393B37757546612696,Aholouy?m?,Seme-Kpodji,Oueme,6.42684891895761,2.57418067044478
84187393B69340860269810,Com?,Come,Mono,6.40251920888028,1.88704713143253
84187393B30274828678355,Djanglanmey,Grand-Popo,Mono,6.39443628663579,1.80166359312136
84187393B67041790424492,Ekp?,Seme-Kpodji,Oueme,6.38622877467715,2.54739063592346
84187393B97690299125664,S?m?-Kpodji,Seme-Kpodji,Oueme,6.38106924178257,2.6104597160085
84187393B4918445745794,9?me Arrondissement,Cotonou,Atlanique,6.3941068188774,2.38436398695554
84187393B50743396162089,6?me arrondissement,Cotonou,Littoral,6.3876376650248,2.42310274548908
84187393B35066898672095,Adjaha,Grand-Popo,Mono,6.34332425495077,1.8271035118927
84187393B42901318220122,10?me Arrondissement,Cotonou,Littoral,6.37927593742586,2.39422181602312
84187393B30722334624812,13?me Arrondissement,Cotonou,Littoral,6.36904065749558,2.37724958159714
84187393B19399369963040,8?me Arrondissement,Cotonou,Littoral,6.37544086523488,2.41099486092514
84187393B72356481481664,7?me Arrondissement,Cotonou,Littoral,6.36564472479689,2.4215387289236
84187393B77626851811869,11?me Arrondissement,Cotonou,Littoral,6.36458767746845,2.40730168537451
84187393B28571450088101,4?me Arrondissement,Cotonou,Littoral,6.35858280853811,2.45081834455476
84187393B64314310881942,5?me Arrondissement,Cotonou,Littoral,6.35254655783033,2.43190996929373
84187393B99931717046318,12?me Arrondissement,Cotonou,Littoral,6.35248028810691,2.39150030813881
84187393B32152290652257,Grand-Popo,Grand-Popo,Mono,6.29199969883821,1.83401237079401
84187393B1097158691777,Agou?,Grand-Popo,,6.25404317784288,1.70513323791358
84187393B558541258562,1er Arrondissement,Parakou,Borgou,9.36677886259831,2.53480152786879
84187393B84805428500339,3?me Arrondissement,Parakou,Borgou,9.40679126735367,2.59965397491787
84187393B63610256332284,2?me Arrondissement,Parakou,Borgou,9.34615901325246,2.69524453222145
84187393B35612015816356,Tchoumi-Tchoumi,Boukombe,Atakora,10.0423532282449,1.35592259792855
84187393B94953356982538,Paouingnan,Dassa-Zoume,Collines,7.59725226264402,2.29110680693309
84187393B11964566856896,Dassa II,Dassa-Zoume,Collines,7.80493765404436,2.13151990023458
84187393B28663457752263,Gobada,Savalou,Collines,7.78594527412793,2.02116127823104
84187393B89803967583776,Kpingni,Dassa-Zoume,Collines,7.72884765753137,2.11834492379879
84187393B45139018040740,Djaloukou,Savalou,Collines,7.67340083132275,1.87638220178116
84187393B79644537095300,Adingningon,Agbangnizoun,Zou,7.12807969498106,2.03658120785497
84187393B54608590636190,Ouassaho,Bohicon,Zou,7.15462203872448,2.05829379138282
84187393B4263304206404,Dj?gb?,Abomey,Zou,7.17487912969903,2.02132335466306
84187393B7484599615188,Gnidjazoun,Bohicon,Zou,7.19285212033059,2.05053602294207
84187393B29136039192431,S?houn,Abomey,Zou,7.21413890872246,2.02097997875136
84187393B19241988612860,Liss?zoun,Bohicon,Zou,7.21691495073991,2.05611769254021
84187393B88855580450586,Ganvi? II,So-Ava,Atlanique,6.44929683813497,2.39793281607133
84187393B41873319104139,Atogon,Allada,Atlanique,6.73669865075012,2.16126075320867
84187393B43929410451714,Ahouanonzou,Allada,Atlanique,6.71650195396394,2.19576176046277
84187393B53878090990082,Hinvi,Allada,Atlanique,6.76814164318884,2.18439834960585
84187393B33816656211599,Godomey,Abomey-Calavi,Atlanique,6.37990394352565,2.30818913904707
84187393B25893423524252,2?me Arrondissement,Seme-Kpodji,Littoral,6.38524679686107,2.45988907290922
84187393B17821632114796,3?me Arrondissement,Seme-Kpodji,Littoral,6.38343205810962,2.44358377343729
84187393B25220907152009,Vekky,So-Ava,Atlanique,6.4563845575279,2.44644820442811
84187393B61445944604838,Ganvi? I,So-Ava,Atlanique,6.41655940180048,2.41834409775686
84187393B47980159672802,Aglangandan,Seme-Kpodji,Littoral,6.37485450460854,2.50290853502724
84187393B18437499304437,1er Arrondissement,Cotonou,Littoral,6.36930365929817,2.47420611305461
84187393B91327292159737,Zoungam?,Aguegues,Oueme,6.43248238977994,2.51501797869971
84187393B55568432706226,Hou?dom?,Aguegues,Oueme,6.4711820992813,2.53776840855316
84187393B81869690389480,Avagbodji,Aguegues,Oueme,6.50932470296179,2.5255301401918
84187393B95166633029602,D?kin,Dangbo,Oueme,6.55344234840304,2.45560569830339
84187393B18119477014563,K?ssounou,Dangbo,Oueme,6.56179006347498,2.50600724671591
84187393B87733109590482,Zinvi?,Abomey-Calavi,Atlanique,6.61887142607228,2.37301580026276
84187393B73795783317426,Gb?ko,Dangbo,Oueme,6.59950289761118,2.45760335432205
84187393B8950532350829,Gangban,Adjohoun,Oueme,6.6447981375802,2.45543942764314
84187393B65512138387290,Kpanroun,Abomey-Calavi,Atlanique,6.66862972965682,2.37649882107684
84187393B39059458599511,Togbota,Adjohoun,Oueme,6.67693080702409,2.4498064144798
84187393B80681078943182,Kod?,Adjohoun,Oueme,6.73638731318183,2.48408425051992
84187393B62554942614763,S?dj?-Hou?goudo,Ze,Atlanique,6.7953287974015,2.3955923580567
84187393B68073553917642,Kpom?,Toffo,Atlanique,6.91388113271979,2.31254048866902
84187393B81835272693739,Djigb?,Ze,Atlanique,6.89793017194163,2.36737171105415
84187393B82570719218300,Massi,Zogbodomey,Zou,6.98469579645242,2.20635759434192
84187393B61461426375243,Tchito,Lalo,Kouffo,6.89396317270786,2.06360364081983
84187393B95146644725474,Toffo,Toffo,Atlanique,6.85940035172486,2.10155390031598
84187393B60375531083455,Ahodjinnako,Lalo,Kouffo,6.78046122460554,2.00798130949806
84187393B64048634955866,Tohou,Lalo,Kouffo,6.82727991307637,2.02359309226011
84187393B78939385839345,Badazoui,Bopa,Kouffo,6.73377593196644,1.96299293443512
84187393B31245684374989,Agbodji,Bopa,Mono,6.67221874079274,1.97339331404597
84187393B46266315849663,Lissegan,Allada,Atlanique,6.62368709588849,2.05338732686998
84187393B4482602790492,D?dom?,Kpomasse,Atlanique,6.56957901242019,2.02026771725763
84187393B50311538178937,D?kanm?,Kpomasse,Atlanique,6.55983913394617,2.00204847268114
84187393B58987339630455,Bopa,Bopa,Mono,6.59022295390758,1.94843579622088
84187393B73024914844353,Tokpa Dom?,Kpomasse,Atlanique,6.49417648618757,1.99766748568913
84187393B33182664025704,Ou?d?m?,Come,Mono,6.48590281442512,1.9471706169265
84187393B62314091555620,Akod?ha,Come,Mono,6.45903526911832,1.91090924866807
84187393B38623860012904,Agbanto,Kpomasse,Mono,6.38308824668967,1.95942220241043
84187393B77703353540134,S?gbohou?,Kpomasse,Mono,6.44062369257448,1.97406535029575
84187393B50345376674993,Gb?hou?,Grand-Popo,Mono,6.34849882939261,1.9098670674649
84187393B23850508952789,Agatogbo,Come,Mono,6.39684301061948,1.92859982792886
84187393B55048462374007,Avloh,Grand-Popo,Mono,6.30800895040513,1.91762146863844
84187393B31455937979796,Dj?gbadji,Ouidah,Atlanique,6.31980598460843,2.0591090602829
84187393B65159596148392,Ouakp? Daho,Ouidah,Atlanique,6.33115922235911,2.00962639175914
84187393B54454340752169,Agonkanm?,Kpomasse,Atlanique,6.37817879900535,2.00992675995629
